start	end	type	var
3	6	FLOWS_TO	
6	4	FLOWS_TO	
3	6	CONTROLS	
11	14	FLOWS_TO	
14	18	FLOWS_TO	
18	12	FLOWS_TO	
11	14	CONTROLS	
11	18	CONTROLS	
21	24	FLOWS_TO	
24	26	FLOWS_TO	
26	22	FLOWS_TO	
21	24	CONTROLS	
21	26	CONTROLS	
33	36	FLOWS_TO	
36	40	FLOWS_TO	
40	34	FLOWS_TO	
33	36	CONTROLS	
33	40	CONTROLS	
45	48	FLOWS_TO	
48	52	FLOWS_TO	
52	60	FLOWS_TO	
60	68	FLOWS_TO	
68	76	FLOWS_TO	
76	84	FLOWS_TO	
84	92	FLOWS_TO	
92	114	FLOWS_TO	
114	126	FLOWS_TO	
114	137	FLOWS_TO	
126	139	FLOWS_TO	
137	139	FLOWS_TO	
139	46	FLOWS_TO	
52	92	REACHES	A
60	92	REACHES	B
92	126	REACHES	hook
76	92	REACHES	D
84	92	REACHES	E
48	114	REACHES	pass
68	92	REACHES	X
45	48	CONTROLS	
45	52	CONTROLS	
45	60	CONTROLS	
45	68	CONTROLS	
45	76	CONTROLS	
45	84	CONTROLS	
45	92	CONTROLS	
45	114	CONTROLS	
45	139	CONTROLS	
114	126	CONTROLS	
114	137	CONTROLS	
143	146	FLOWS_TO	
146	147	FLOWS_TO	
147	151	FLOWS_TO	
151	156	FLOWS_TO	
151	166	FLOWS_TO	
156	172	FLOWS_TO	
166	172	FLOWS_TO	
172	184	FLOWS_TO	
172	220	FLOWS_TO	
184	194	FLOWS_TO	
184	211	FLOWS_TO	
194	184	FLOWS_TO	
211	261	FLOWS_TO	
220	227	FLOWS_TO	
227	237	FLOWS_TO	
237	252	FLOWS_TO	
252	255	FLOWS_TO	
255	261	FLOWS_TO	
261	144	FLOWS_TO	
227	237	REACHES	fp
227	255	REACHES	fp
237	252	REACHES	buffer
172	184	REACHES	handle
172	211	REACHES	handle
184	194	REACHES	filename
166	172	REACHES	fichero
156	172	REACHES	fichero
166	194	REACHES	fichero
156	194	REACHES	fichero
166	220	REACHES	fichero
156	220	REACHES	fichero
166	227	REACHES	fichero
156	227	REACHES	fichero
166	237	REACHES	fichero
156	237	REACHES	fichero
143	146	CONTROLS	
143	147	CONTROLS	
143	151	CONTROLS	
143	172	CONTROLS	
143	261	CONTROLS	
151	156	CONTROLS	
151	166	CONTROLS	
172	184	CONTROLS	
172	211	CONTROLS	
172	220	CONTROLS	
172	227	CONTROLS	
172	237	CONTROLS	
172	252	CONTROLS	
172	255	CONTROLS	
184	194	CONTROLS	
264	267	FLOWS_TO	
267	271	FLOWS_TO	
271	277	FLOWS_TO	
271	296	FLOWS_TO	
277	279	FLOWS_TO	
279	286	FLOWS_TO	
286	292	FLOWS_TO	
292	294	FLOWS_TO	
294	296	FLOWS_TO	
296	297	FLOWS_TO	
297	265	FLOWS_TO	
279	286	REACHES	cmd
264	267	CONTROLS	
264	271	CONTROLS	
264	296	CONTROLS	
264	297	CONTROLS	
271	277	CONTROLS	
271	279	CONTROLS	
271	286	CONTROLS	
271	292	CONTROLS	
271	294	CONTROLS	
301	304	FLOWS_TO	
304	305	FLOWS_TO	
305	309	FLOWS_TO	
309	320	FLOWS_TO	
309	346	FLOWS_TO	
320	334	FLOWS_TO	
334	348	FLOWS_TO	
346	348	FLOWS_TO	
348	349	FLOWS_TO	
349	302	FLOWS_TO	
301	304	CONTROLS	
301	305	CONTROLS	
301	309	CONTROLS	
301	348	CONTROLS	
301	349	CONTROLS	
309	320	CONTROLS	
309	334	CONTROLS	
309	346	CONTROLS	
353	356	FLOWS_TO	
356	357	FLOWS_TO	
357	361	FLOWS_TO	
361	366	FLOWS_TO	
361	374	FLOWS_TO	
366	374	FLOWS_TO	
374	375	FLOWS_TO	
375	354	FLOWS_TO	
353	356	CONTROLS	
353	357	CONTROLS	
353	361	CONTROLS	
353	374	CONTROLS	
353	375	CONTROLS	
361	366	CONTROLS	
380	383	FLOWS_TO	
383	391	FLOWS_TO	
391	398	FLOWS_TO	
391	400	FLOWS_TO	
398	400	FLOWS_TO	
400	402	FLOWS_TO	
402	404	FLOWS_TO	
404	412	FLOWS_TO	
412	419	FLOWS_TO	
419	431	FLOWS_TO	
431	439	FLOWS_TO	
431	381	FLOWS_TO	
439	443	FLOWS_TO	
443	451	FLOWS_TO	
451	459	FLOWS_TO	
459	466	FLOWS_TO	
466	472	FLOWS_TO	
472	381	FLOWS_TO	
404	412	REACHES	user_info
419	431	REACHES	user
419	443	REACHES	user
419	451	REACHES	user
412	419	REACHES	username
459	466	REACHES	redirect_to
380	383	CONTROLS	
380	391	CONTROLS	
380	400	CONTROLS	
380	402	CONTROLS	
380	404	CONTROLS	
380	412	CONTROLS	
380	419	CONTROLS	
380	431	CONTROLS	
391	398	CONTROLS	
431	439	CONTROLS	
431	443	CONTROLS	
431	451	CONTROLS	
431	459	CONTROLS	
431	466	CONTROLS	
431	472	CONTROLS	
600	603	FLOWS_TO	
603	612	FLOWS_TO	
612	618	FLOWS_TO	
612	634	FLOWS_TO	
618	626	FLOWS_TO	
626	601	FLOWS_TO	
634	640	FLOWS_TO	
634	651	FLOWS_TO	
640	601	FLOWS_TO	
651	657	FLOWS_TO	
651	668	FLOWS_TO	
657	601	FLOWS_TO	
668	674	FLOWS_TO	
668	701	FLOWS_TO	
674	678	FLOWS_TO	
678	686	FLOWS_TO	
686	693	FLOWS_TO	
693	601	FLOWS_TO	
701	707	FLOWS_TO	
701	601	FLOWS_TO	
707	601	FLOWS_TO	
618	626	REACHES	function
603	626	REACHES	command
603	640	REACHES	command
603	657	REACHES	command
603	678	REACHES	command
603	707	REACHES	command
600	603	CONTROLS	
600	612	CONTROLS	
612	618	CONTROLS	
612	626	CONTROLS	
612	634	CONTROLS	
634	640	CONTROLS	
634	651	CONTROLS	
651	657	CONTROLS	
651	668	CONTROLS	
668	674	CONTROLS	
668	678	CONTROLS	
668	686	CONTROLS	
668	693	CONTROLS	
668	701	CONTROLS	
701	707	CONTROLS	
476	479	FLOWS_TO	
479	483	FLOWS_TO	
483	492	FLOWS_TO	
492	501	FLOWS_TO	
501	507	FLOWS_TO	
507	514	FLOWS_TO	
507	532	FLOWS_TO	
514	522	FLOWS_TO	
522	597	FLOWS_TO	
532	547	FLOWS_TO	
532	597	FLOWS_TO	
547	555	FLOWS_TO	
555	561	FLOWS_TO	
561	568	FLOWS_TO	
561	576	FLOWS_TO	
568	576	FLOWS_TO	
576	587	FLOWS_TO	
587	591	FLOWS_TO	
591	597	FLOWS_TO	
597	477	FLOWS_TO	
555	568	REACHES	port
568	576	REACHES	port
555	576	REACHES	port
547	561	REACHES	ip
547	576	REACHES	ip
501	507	REACHES	cmd
501	514	REACHES	cmd
501	532	REACHES	cmd
514	522	REACHES	command
587	591	REACHES	command
479	483	REACHES	this_file
479	492	REACHES	this_file
476	479	CONTROLS	
476	483	CONTROLS	
476	492	CONTROLS	
476	501	CONTROLS	
476	507	CONTROLS	
476	597	CONTROLS	
507	514	CONTROLS	
507	522	CONTROLS	
507	532	CONTROLS	
532	547	CONTROLS	
532	555	CONTROLS	
532	561	CONTROLS	
532	576	CONTROLS	
532	587	CONTROLS	
532	591	CONTROLS	
561	568	CONTROLS	
769	772	FLOWS_TO	
772	776	FLOWS_TO	
776	780	FLOWS_TO	
780	784	FLOWS_TO	
784	788	FLOWS_TO	
788	796	FLOWS_TO	
796	803	FLOWS_TO	
796	815	FLOWS_TO	
803	770	FLOWS_TO	
815	770	FLOWS_TO	
780	815	REACHES	errfile
776	803	REACHES	errstr
776	815	REACHES	errstr
784	815	REACHES	errline
769	772	CONTROLS	
769	776	CONTROLS	
769	780	CONTROLS	
769	784	CONTROLS	
769	788	CONTROLS	
769	796	CONTROLS	
796	803	CONTROLS	
796	815	CONTROLS	
717	720	FLOWS_TO	
720	730	FLOWS_TO	
730	735	FLOWS_TO	
735	743	FLOWS_TO	
735	756	FLOWS_TO	
743	750	FLOWS_TO	
743	735	FLOWS_TO	
750	735	FLOWS_TO	
756	761	FLOWS_TO	
756	833	FLOWS_TO	
761	766	FLOWS_TO	
766	833	FLOWS_TO	
833	838	FLOWS_TO	
838	852	FLOWS_TO	
852	868	FLOWS_TO	
868	875	FLOWS_TO	
868	941	FLOWS_TO	
875	882	FLOWS_TO	
875	941	FLOWS_TO	
882	892	FLOWS_TO	
892	906	FLOWS_TO	
906	911	FLOWS_TO	
911	923	FLOWS_TO	
923	933	FLOWS_TO	
933	939	FLOWS_TO	
939	941	FLOWS_TO	
941	942	FLOWS_TO	
942	944	FLOWS_TO	
944	949	FLOWS_TO	
949	951	FLOWS_TO	
951	960	FLOWS_TO	
960	976	FLOWS_TO	
976	986	FLOWS_TO	
986	995	FLOWS_TO	
995	1000	FLOWS_TO	
1000	1008	FLOWS_TO	
1000	1042	FLOWS_TO	
1008	1013	FLOWS_TO	
1008	1000	FLOWS_TO	
1013	1020	FLOWS_TO	
1020	1000	FLOWS_TO	
1042	1044	FLOWS_TO	
1044	1049	FLOWS_TO	
1054	1071	FLOWS_TO	
1054	1081	FLOWS_TO	
1049	1054	FLOWS_TO	
1066	1054	FLOWS_TO	
1071	1066	FLOWS_TO	
1081	1083	FLOWS_TO	
1083	1085	FLOWS_TO	
1085	1098	FLOWS_TO	
1098	1102	FLOWS_TO	
1102	1108	FLOWS_TO	
1108	1120	FLOWS_TO	
1108	1281	FLOWS_TO	
1120	1132	FLOWS_TO	
1120	1177	FLOWS_TO	
1132	1141	FLOWS_TO	
1132	1145	FLOWS_TO	
1141	1120	FLOWS_TO	
1145	1158	FLOWS_TO	
1145	1170	FLOWS_TO	
1158	1120	FLOWS_TO	
1170	1120	FLOWS_TO	
1177	1184	FLOWS_TO	
1184	1192	FLOWS_TO	
1192	1198	FLOWS_TO	
1192	1227	FLOWS_TO	
1198	1192	FLOWS_TO	
1227	1233	FLOWS_TO	
1227	1283	FLOWS_TO	
1233	1227	FLOWS_TO	
1281	1283	FLOWS_TO	
1283	1284	FLOWS_TO	
1284	718	FLOWS_TO	
1044	1071	REACHES	parentdir
1071	1071	REACHES	parentdir
1044	1085	REACHES	parentdir
1071	1085	REACHES	parentdir
730	756	REACHES	allowed
750	756	REACHES	allowed
838	951	REACHES	dir
852	868	REACHES	file
852	875	REACHES	file
852	882	REACHES	file
852	911	REACHES	file
852	933	REACHES	file
1102	1177	REACHES	listingdirs
1158	1177	REACHES	listingdirs
1102	1192	REACHES	listingdirs
1158	1192	REACHES	listingdirs
720	735	REACHES	allowedIPs
951	960	REACHES	curdir
960	976	REACHES	curdir
960	1108	REACHES	curdir
960	1145	REACHES	curdir
960	1198	REACHES	curdir
960	1233	REACHES	curdir
976	1054	REACHES	dirs
976	1000	REACHES	dirs
1049	1054	REACHES	i
1066	1054	REACHES	i
1049	1066	REACHES	i
1066	1066	REACHES	i
1049	1071	REACHES	i
976	1071	REACHES	dirs
1066	1071	REACHES	i
1108	1120	REACHES	handle
1170	1184	REACHES	listingfiles
1098	1184	REACHES	listingfiles
1170	1227	REACHES	listingfiles
1098	1227	REACHES	listingfiles
1120	1132	REACHES	o
1120	1145	REACHES	o
1120	1158	REACHES	o
1120	1170	REACHES	o
882	892	REACHES	s
892	923	REACHES	filename
1013	1013	REACHES	breadcrumb
995	1013	REACHES	breadcrumb
1013	1020	REACHES	breadcrumb
717	720	CONTROLS	
717	730	CONTROLS	
717	735	CONTROLS	
717	756	CONTROLS	
717	833	CONTROLS	
717	838	CONTROLS	
717	852	CONTROLS	
717	868	CONTROLS	
717	941	CONTROLS	
717	942	CONTROLS	
717	944	CONTROLS	
717	949	CONTROLS	
717	951	CONTROLS	
717	960	CONTROLS	
717	976	CONTROLS	
717	986	CONTROLS	
717	995	CONTROLS	
717	1000	CONTROLS	
717	1042	CONTROLS	
717	1044	CONTROLS	
717	1049	CONTROLS	
717	1054	CONTROLS	
717	1081	CONTROLS	
717	1083	CONTROLS	
717	1085	CONTROLS	
717	1098	CONTROLS	
717	1102	CONTROLS	
717	1108	CONTROLS	
717	1283	CONTROLS	
717	1284	CONTROLS	
735	743	CONTROLS	
743	750	CONTROLS	
756	761	CONTROLS	
756	766	CONTROLS	
868	875	CONTROLS	
875	882	CONTROLS	
875	892	CONTROLS	
875	906	CONTROLS	
875	911	CONTROLS	
875	923	CONTROLS	
875	933	CONTROLS	
875	939	CONTROLS	
1000	1008	CONTROLS	
1008	1013	CONTROLS	
1008	1020	CONTROLS	
1054	1071	CONTROLS	
1054	1066	CONTROLS	
1108	1120	CONTROLS	
1108	1177	CONTROLS	
1108	1184	CONTROLS	
1108	1192	CONTROLS	
1108	1227	CONTROLS	
1108	1281	CONTROLS	
1120	1132	CONTROLS	
1132	1141	CONTROLS	
1132	1145	CONTROLS	
1145	1158	CONTROLS	
1145	1170	CONTROLS	
1192	1198	CONTROLS	
1227	1233	CONTROLS	
1353	1356	FLOWS_TO	
1356	1360	FLOWS_TO	
1360	1364	FLOWS_TO	
1364	1368	FLOWS_TO	
1368	1372	FLOWS_TO	
1372	1380	FLOWS_TO	
1380	1387	FLOWS_TO	
1380	1399	FLOWS_TO	
1387	1354	FLOWS_TO	
1399	1354	FLOWS_TO	
1364	1399	REACHES	errfile
1360	1387	REACHES	errstr
1360	1399	REACHES	errstr
1368	1399	REACHES	errline
1353	1356	CONTROLS	
1353	1360	CONTROLS	
1353	1364	CONTROLS	
1353	1368	CONTROLS	
1353	1372	CONTROLS	
1353	1380	CONTROLS	
1380	1387	CONTROLS	
1380	1399	CONTROLS	
1423	1428	FLOWS_TO	
1428	1439	FLOWS_TO	
1439	1447	FLOWS_TO	
1439	1463	FLOWS_TO	
1447	1463	FLOWS_TO	
1463	1424	FLOWS_TO	
1423	1428	CONTROLS	
1423	1439	CONTROLS	
1423	1463	CONTROLS	
1439	1447	CONTROLS	
1469	1472	FLOWS_TO	
1472	1480	FLOWS_TO	
1480	1486	FLOWS_TO	
1480	1496	FLOWS_TO	
1486	1470	FLOWS_TO	
1496	1470	FLOWS_TO	
1472	1480	REACHES	value
1472	1486	REACHES	value
1472	1496	REACHES	value
1469	1472	CONTROLS	
1469	1480	CONTROLS	
1480	1486	CONTROLS	
1480	1496	CONTROLS	
1288	1291	FLOWS_TO	
1291	1301	FLOWS_TO	
1301	1314	FLOWS_TO	
1314	1319	FLOWS_TO	
1319	1327	FLOWS_TO	
1319	1340	FLOWS_TO	
1327	1334	FLOWS_TO	
1327	1319	FLOWS_TO	
1334	1319	FLOWS_TO	
1340	1345	FLOWS_TO	
1340	1417	FLOWS_TO	
1345	1350	FLOWS_TO	
1350	1417	FLOWS_TO	
1417	1506	FLOWS_TO	
1506	1510	FLOWS_TO	
1506	1519	FLOWS_TO	
1510	1519	FLOWS_TO	
1519	1533	FLOWS_TO	
1533	1547	FLOWS_TO	
1547	1561	FLOWS_TO	
1561	1575	FLOWS_TO	
1575	1589	FLOWS_TO	
1589	1603	FLOWS_TO	
1603	1609	FLOWS_TO	
1609	1614	FLOWS_TO	
1609	1620	FLOWS_TO	
1614	1620	FLOWS_TO	
1620	1640	FLOWS_TO	
1620	1660	FLOWS_TO	
1640	1660	FLOWS_TO	
1660	1666	FLOWS_TO	
1660	1676	FLOWS_TO	
1666	1676	FLOWS_TO	
1676	1683	FLOWS_TO	
1676	2201	FLOWS_TO	
1683	1689	FLOWS_TO	
1683	1709	FLOWS_TO	
1689	1695	FLOWS_TO	
1695	1701	FLOWS_TO	
1701	1709	FLOWS_TO	
1709	1716	FLOWS_TO	
1709	2162	FLOWS_TO	
1716	1734	FLOWS_TO	
1716	1742	FLOWS_TO	
1734	1742	FLOWS_TO	
1742	1752	FLOWS_TO	
1752	1765	FLOWS_TO	
1765	1773	FLOWS_TO	
1765	1789	FLOWS_TO	
1773	2162	FLOWS_TO	
1789	1801	FLOWS_TO	
1789	1940	FLOWS_TO	
1801	1810	FLOWS_TO	
1801	1820	FLOWS_TO	
1810	1835	FLOWS_TO	
1820	1835	FLOWS_TO	
1835	1846	FLOWS_TO	
1835	1858	FLOWS_TO	
1846	1835	FLOWS_TO	
1858	1869	FLOWS_TO	
1858	1881	FLOWS_TO	
1869	1858	FLOWS_TO	
1881	1888	FLOWS_TO	
1881	1901	FLOWS_TO	
1888	1881	FLOWS_TO	
1901	1905	FLOWS_TO	
1901	1911	FLOWS_TO	
1905	1911	FLOWS_TO	
1911	1919	FLOWS_TO	
1911	1929	FLOWS_TO	
1919	2162	FLOWS_TO	
1929	2162	FLOWS_TO	
1940	1949	FLOWS_TO	
1940	1956	FLOWS_TO	
1949	2162	FLOWS_TO	
1956	1966	FLOWS_TO	
1966	1973	FLOWS_TO	
1966	1989	FLOWS_TO	
1973	1981	FLOWS_TO	
1981	1989	FLOWS_TO	
1989	1999	FLOWS_TO	
1999	2013	FLOWS_TO	
2013	2021	FLOWS_TO	
2013	2040	FLOWS_TO	
2021	2040	FLOWS_TO	
2040	2044	FLOWS_TO	
2044	2075	FLOWS_TO	
2075	2085	FLOWS_TO	
2075	2107	FLOWS_TO	
2085	2075	FLOWS_TO	
2107	2117	FLOWS_TO	
2107	2138	FLOWS_TO	
2117	2107	FLOWS_TO	
2138	2146	FLOWS_TO	
2146	2154	FLOWS_TO	
2154	2162	FLOWS_TO	
2162	2168	FLOWS_TO	
2162	2175	FLOWS_TO	
2168	2201	FLOWS_TO	
2175	2187	FLOWS_TO	
2187	2201	FLOWS_TO	
2201	2202	FLOWS_TO	
2202	2206	FLOWS_TO	
2206	2211	FLOWS_TO	
2206	2222	FLOWS_TO	
2211	2212	FLOWS_TO	
2212	2214	FLOWS_TO	
2214	2217	FLOWS_TO	
2217	2225	FLOWS_TO	
2222	2223	FLOWS_TO	
2223	2225	FLOWS_TO	
2225	2226	FLOWS_TO	
2226	2228	FLOWS_TO	
2228	2233	FLOWS_TO	
2233	2237	FLOWS_TO	
2237	2243	FLOWS_TO	
2237	2290	FLOWS_TO	
2243	2252	FLOWS_TO	
2252	2253	FLOWS_TO	
2253	2257	FLOWS_TO	
2257	2262	FLOWS_TO	
2257	2269	FLOWS_TO	
2262	2271	FLOWS_TO	
2269	2271	FLOWS_TO	
2271	2272	FLOWS_TO	
2272	2274	FLOWS_TO	
2274	2277	FLOWS_TO	
2277	2279	FLOWS_TO	
2279	2284	FLOWS_TO	
2284	2285	FLOWS_TO	
2285	2383	FLOWS_TO	
2290	2291	FLOWS_TO	
2291	2293	FLOWS_TO	
2293	2306	FLOWS_TO	
2306	2307	FLOWS_TO	
2307	2309	FLOWS_TO	
2309	2312	FLOWS_TO	
2312	2314	FLOWS_TO	
2314	2317	FLOWS_TO	
2317	2319	FLOWS_TO	
2319	2331	FLOWS_TO	
2331	2351	FLOWS_TO	
2351	2363	FLOWS_TO	
2363	2364	FLOWS_TO	
2364	2366	FLOWS_TO	
2366	2371	FLOWS_TO	
2371	2373	FLOWS_TO	
2373	2376	FLOWS_TO	
2376	2378	FLOWS_TO	
2378	2381	FLOWS_TO	
2381	2383	FLOWS_TO	
2383	2384	FLOWS_TO	
2384	1289	FLOWS_TO	
1314	1340	REACHES	allowed
1334	1340	REACHES	allowed
1533	1640	REACHES	password
1510	1519	REACHES	_POST
1510	1533	REACHES	_POST
1510	1547	REACHES	_POST
1510	1561	REACHES	_POST
1510	1575	REACHES	_POST
1510	1589	REACHES	_POST
1510	1609	REACHES	_POST
2040	2044	REACHES	io
2040	2075	REACHES	io
2040	2085	REACHES	io
2040	2107	REACHES	io
2040	2117	REACHES	io
2040	2138	REACHES	io
2040	2146	REACHES	io
1589	1981	REACHES	columns
1589	2309	REACHES	columns
1589	2366	REACHES	columns
1589	2378	REACHES	columns
2168	2214	REACHES	js_command_hist
2187	2214	REACHES	js_command_hist
1716	1734	REACHES	i
1869	1881	REACHES	new_dir
1846	1846	REACHES	new_dir
1869	1901	REACHES	new_dir
1888	1919	REACHES	new_dir
1888	1881	REACHES	new_dir
1810	1901	REACHES	new_dir
1846	1858	REACHES	new_dir
1820	1919	REACHES	new_dir
1869	1888	REACHES	new_dir
1846	1901	REACHES	new_dir
1820	1911	REACHES	new_dir
1905	1911	REACHES	new_dir
1846	1929	REACHES	new_dir
1869	1911	REACHES	new_dir
1888	1888	REACHES	new_dir
1888	1911	REACHES	new_dir
1810	1919	REACHES	new_dir
1905	1919	REACHES	new_dir
1820	1929	REACHES	new_dir
1820	1888	REACHES	new_dir
1810	1869	REACHES	new_dir
1810	1888	REACHES	new_dir
1846	1888	REACHES	new_dir
1846	1869	REACHES	new_dir
1820	1858	REACHES	new_dir
1869	1858	REACHES	new_dir
1820	1835	REACHES	new_dir
1810	1835	REACHES	new_dir
1820	1869	REACHES	new_dir
1869	1869	REACHES	new_dir
1846	1919	REACHES	new_dir
1846	1911	REACHES	new_dir
1846	1835	REACHES	new_dir
1810	1858	REACHES	new_dir
1869	1919	REACHES	new_dir
1820	1901	REACHES	new_dir
1820	1881	REACHES	new_dir
1846	1881	REACHES	new_dir
1888	1901	REACHES	new_dir
1869	1929	REACHES	new_dir
1810	1911	REACHES	new_dir
1888	1929	REACHES	new_dir
1810	1881	REACHES	new_dir
1810	1846	REACHES	new_dir
1905	1929	REACHES	new_dir
1810	1929	REACHES	new_dir
1820	1846	REACHES	new_dir
1999	2013	REACHES	token
1999	2021	REACHES	token
2044	2154	REACHES	p
1640	1660	REACHES	_SESSION
1666	1676	REACHES	_SESSION
1640	1676	REACHES	_SESSION
1666	1683	REACHES	_SESSION
1773	2162	REACHES	_SESSION
1666	2175	REACHES	_SESSION
1919	2351	REACHES	_SESSION
1773	2351	REACHES	_SESSION
1752	2162	REACHES	_SESSION
2085	2175	REACHES	_SESSION
1666	1752	REACHES	_SESSION
1919	2319	REACHES	_SESSION
2117	2117	REACHES	_SESSION
1752	2206	REACHES	_SESSION
1640	2237	REACHES	_SESSION
1773	2237	REACHES	_SESSION
1752	1956	REACHES	_SESSION
1640	1683	REACHES	_SESSION
1929	2175	REACHES	_SESSION
1919	2237	REACHES	_SESSION
1666	2293	REACHES	_SESSION
2117	2293	REACHES	_SESSION
1752	2293	REACHES	_SESSION
1701	1716	REACHES	_SESSION
1701	2206	REACHES	_SESSION
2243	2279	REACHES	_SESSION
1640	2162	REACHES	_SESSION
1701	2293	REACHES	_SESSION
1666	2162	REACHES	_SESSION
1701	1752	REACHES	_SESSION
1752	1929	REACHES	_SESSION
2117	2351	REACHES	_SESSION
2085	2117	REACHES	_SESSION
1773	2319	REACHES	_SESSION
1929	2293	REACHES	_SESSION
2117	2319	REACHES	_SESSION
1929	2319	REACHES	_SESSION
1640	2175	REACHES	_SESSION
2117	2206	REACHES	_SESSION
2085	2162	REACHES	_SESSION
1666	1716	REACHES	_SESSION
1640	1716	REACHES	_SESSION
1701	2175	REACHES	_SESSION
1666	2319	REACHES	_SESSION
2117	2175	REACHES	_SESSION
1701	2237	REACHES	_SESSION
1919	2206	REACHES	_SESSION
1701	2351	REACHES	_SESSION
1640	1752	REACHES	_SESSION
1752	2175	REACHES	_SESSION
1929	2206	REACHES	_SESSION
2117	2162	REACHES	_SESSION
1752	2085	REACHES	_SESSION
1701	1742	REACHES	_SESSION
1640	1742	REACHES	_SESSION
1919	2162	REACHES	_SESSION
2085	2351	REACHES	_SESSION
1640	2293	REACHES	_SESSION
1640	2351	REACHES	_SESSION
1752	2319	REACHES	_SESSION
1640	2206	REACHES	_SESSION
1734	1742	REACHES	_SESSION
1752	2237	REACHES	_SESSION
1640	2319	REACHES	_SESSION
1773	2293	REACHES	_SESSION
1929	2351	REACHES	_SESSION
1666	2206	REACHES	_SESSION
1752	2351	REACHES	_SESSION
1701	2162	REACHES	_SESSION
2085	2206	REACHES	_SESSION
1752	1820	REACHES	_SESSION
1929	2162	REACHES	_SESSION
1773	2206	REACHES	_SESSION
1919	2293	REACHES	_SESSION
1701	2319	REACHES	_SESSION
1666	2351	REACHES	_SESSION
1752	2117	REACHES	_SESSION
1929	2237	REACHES	_SESSION
2085	2293	REACHES	_SESSION
1773	2175	REACHES	_SESSION
2117	2237	REACHES	_SESSION
2085	2319	REACHES	_SESSION
2085	2085	REACHES	_SESSION
1734	1752	REACHES	_SESSION
1666	1742	REACHES	_SESSION
1666	2237	REACHES	_SESSION
1919	2175	REACHES	_SESSION
2085	2237	REACHES	_SESSION
1301	1620	REACHES	users
1301	1640	REACHES	users
2175	2187	REACHES	escaped
1291	1319	REACHES	allowedIPs
2319	2331	REACHES	lines
2331	2351	REACHES	padding
1989	1999	REACHES	length
1989	2021	REACHES	length
1575	1973	REACHES	rows
1575	2314	REACHES	rows
1575	2331	REACHES	rows
1575	2373	REACHES	rows
1561	1742	REACHES	command
1561	1752	REACHES	command
2021	2044	REACHES	command
1561	1709	REACHES	command
1561	1716	REACHES	command
1561	1999	REACHES	command
1561	2044	REACHES	command
1561	1765	REACHES	command
1561	1940	REACHES	command
1561	2021	REACHES	command
1561	1789	REACHES	command
1561	1989	REACHES	command
1547	1620	REACHES	nounce
1519	1620	REACHES	username
1519	1640	REACHES	username
1519	2257	REACHES	username
1519	2274	REACHES	username
1288	1291	CONTROLS	
1288	1301	CONTROLS	
1288	1314	CONTROLS	
1288	1319	CONTROLS	
1288	1340	CONTROLS	
1288	1417	CONTROLS	
1288	1506	CONTROLS	
1288	1519	CONTROLS	
1288	1533	CONTROLS	
1288	1547	CONTROLS	
1288	1561	CONTROLS	
1288	1575	CONTROLS	
1288	1589	CONTROLS	
1288	1603	CONTROLS	
1288	1609	CONTROLS	
1288	1620	CONTROLS	
1288	1660	CONTROLS	
1288	1676	CONTROLS	
1288	2201	CONTROLS	
1288	2202	CONTROLS	
1288	2206	CONTROLS	
1288	2225	CONTROLS	
1288	2226	CONTROLS	
1288	2228	CONTROLS	
1288	2233	CONTROLS	
1288	2237	CONTROLS	
1288	2383	CONTROLS	
1288	2384	CONTROLS	
1319	1327	CONTROLS	
1327	1334	CONTROLS	
1340	1345	CONTROLS	
1340	1350	CONTROLS	
1506	1510	CONTROLS	
1609	1614	CONTROLS	
1620	1640	CONTROLS	
1660	1666	CONTROLS	
1676	1683	CONTROLS	
1676	1709	CONTROLS	
1676	2162	CONTROLS	
1683	1689	CONTROLS	
1683	1695	CONTROLS	
1683	1701	CONTROLS	
1709	1716	CONTROLS	
1709	1742	CONTROLS	
1709	1752	CONTROLS	
1709	1765	CONTROLS	
1716	1734	CONTROLS	
1765	1773	CONTROLS	
1765	1789	CONTROLS	
1789	1801	CONTROLS	
1789	1835	CONTROLS	
1789	1858	CONTROLS	
1789	1881	CONTROLS	
1789	1901	CONTROLS	
1789	1911	CONTROLS	
1789	1940	CONTROLS	
1801	1810	CONTROLS	
1801	1820	CONTROLS	
1835	1846	CONTROLS	
1858	1869	CONTROLS	
1881	1888	CONTROLS	
1901	1905	CONTROLS	
1911	1919	CONTROLS	
1911	1929	CONTROLS	
1940	1949	CONTROLS	
1940	1956	CONTROLS	
1940	1966	CONTROLS	
1940	1989	CONTROLS	
1940	1999	CONTROLS	
1940	2013	CONTROLS	
1940	2040	CONTROLS	
1940	2044	CONTROLS	
1940	2075	CONTROLS	
1940	2107	CONTROLS	
1940	2138	CONTROLS	
1940	2146	CONTROLS	
1940	2154	CONTROLS	
1966	1973	CONTROLS	
1966	1981	CONTROLS	
2013	2021	CONTROLS	
2075	2085	CONTROLS	
2107	2117	CONTROLS	
2162	2168	CONTROLS	
2162	2175	CONTROLS	
2162	2187	CONTROLS	
2206	2211	CONTROLS	
2206	2212	CONTROLS	
2206	2214	CONTROLS	
2206	2217	CONTROLS	
2206	2222	CONTROLS	
2206	2223	CONTROLS	
2237	2243	CONTROLS	
2237	2252	CONTROLS	
2237	2253	CONTROLS	
2237	2257	CONTROLS	
2237	2271	CONTROLS	
2237	2272	CONTROLS	
2237	2274	CONTROLS	
2237	2277	CONTROLS	
2237	2279	CONTROLS	
2237	2284	CONTROLS	
2237	2285	CONTROLS	
2237	2290	CONTROLS	
2237	2291	CONTROLS	
2237	2293	CONTROLS	
2237	2306	CONTROLS	
2237	2307	CONTROLS	
2237	2309	CONTROLS	
2237	2312	CONTROLS	
2237	2314	CONTROLS	
2237	2317	CONTROLS	
2237	2319	CONTROLS	
2237	2331	CONTROLS	
2237	2351	CONTROLS	
2237	2363	CONTROLS	
2237	2364	CONTROLS	
2237	2366	CONTROLS	
2237	2371	CONTROLS	
2237	2373	CONTROLS	
2237	2376	CONTROLS	
2237	2378	CONTROLS	
2237	2381	CONTROLS	
2257	2262	CONTROLS	
2257	2269	CONTROLS	
2455	2458	FLOWS_TO	
2458	2462	FLOWS_TO	
2462	2466	FLOWS_TO	
2466	2470	FLOWS_TO	
2470	2474	FLOWS_TO	
2474	2482	FLOWS_TO	
2482	2489	FLOWS_TO	
2482	2501	FLOWS_TO	
2489	2456	FLOWS_TO	
2501	2456	FLOWS_TO	
2466	2501	REACHES	errfile
2462	2489	REACHES	errstr
2462	2501	REACHES	errstr
2470	2501	REACHES	errline
2455	2458	CONTROLS	
2455	2462	CONTROLS	
2455	2466	CONTROLS	
2455	2470	CONTROLS	
2455	2474	CONTROLS	
2455	2482	CONTROLS	
2482	2489	CONTROLS	
2482	2501	CONTROLS	
2525	2528	FLOWS_TO	
2528	2534	FLOWS_TO	
2534	2545	FLOWS_TO	
2545	2552	FLOWS_TO	
2545	2565	FLOWS_TO	
2552	2565	FLOWS_TO	
2565	2572	FLOWS_TO	
2565	2578	FLOWS_TO	
2572	2578	FLOWS_TO	
2578	2526	FLOWS_TO	
2528	2534	REACHES	u
2528	2552	REACHES	u
2534	2545	REACHES	o
2534	2565	REACHES	o
2552	2565	REACHES	o
2534	2578	REACHES	o
2552	2578	REACHES	o
2572	2578	REACHES	o
2525	2528	CONTROLS	
2525	2534	CONTROLS	
2525	2545	CONTROLS	
2525	2565	CONTROLS	
2525	2578	CONTROLS	
2545	2552	CONTROLS	
2565	2572	CONTROLS	
2583	2586	FLOWS_TO	
2586	2594	FLOWS_TO	
2594	2601	FLOWS_TO	
2594	2605	FLOWS_TO	
2601	2584	FLOWS_TO	
2605	2619	FLOWS_TO	
2619	2628	FLOWS_TO	
2628	2644	FLOWS_TO	
2644	2658	FLOWS_TO	
2658	2674	FLOWS_TO	
2674	2690	FLOWS_TO	
2690	2584	FLOWS_TO	
2605	2619	REACHES	s
2619	2628	REACHES	s
2628	2644	REACHES	s
2644	2658	REACHES	s
2658	2674	REACHES	s
2674	2690	REACHES	s
2586	2594	REACHES	u
2586	2605	REACHES	u
2586	2619	REACHES	u
2586	2628	REACHES	u
2586	2644	REACHES	u
2586	2658	REACHES	u
2586	2674	REACHES	u
2583	2586	CONTROLS	
2583	2594	CONTROLS	
2594	2601	CONTROLS	
2594	2605	CONTROLS	
2594	2619	CONTROLS	
2594	2628	CONTROLS	
2594	2644	CONTROLS	
2594	2658	CONTROLS	
2594	2674	CONTROLS	
2594	2690	CONTROLS	
2695	2698	FLOWS_TO	
2698	2706	FLOWS_TO	
2706	2713	FLOWS_TO	
2706	2717	FLOWS_TO	
2713	2696	FLOWS_TO	
2717	2731	FLOWS_TO	
2731	2740	FLOWS_TO	
2740	2756	FLOWS_TO	
2756	2770	FLOWS_TO	
2770	2780	FLOWS_TO	
2780	2796	FLOWS_TO	
2796	2813	FLOWS_TO	
2796	2832	FLOWS_TO	
2813	2832	FLOWS_TO	
2832	2837	FLOWS_TO	
2837	2696	FLOWS_TO	
2780	2796	REACHES	last
2780	2813	REACHES	last
2770	2780	REACHES	dirs
2756	2770	REACHES	path
2756	2813	REACHES	path
2813	2832	REACHES	path
2756	2832	REACHES	path
2717	2731	REACHES	s
2731	2740	REACHES	s
2740	2832	REACHES	s
2832	2837	REACHES	s
2698	2706	REACHES	u
2698	2717	REACHES	u
2698	2731	REACHES	u
2698	2740	REACHES	u
2698	2756	REACHES	u
2695	2698	CONTROLS	
2695	2706	CONTROLS	
2706	2713	CONTROLS	
2706	2717	CONTROLS	
2706	2731	CONTROLS	
2706	2740	CONTROLS	
2706	2756	CONTROLS	
2706	2770	CONTROLS	
2706	2780	CONTROLS	
2706	2796	CONTROLS	
2706	2832	CONTROLS	
2706	2837	CONTROLS	
2796	2813	CONTROLS	
2842	2845	FLOWS_TO	
2845	2851	FLOWS_TO	
2851	2863	FLOWS_TO	
2863	2843	FLOWS_TO	
2851	2863	REACHES	s
2845	2851	REACHES	u
2842	2845	CONTROLS	
2842	2851	CONTROLS	
2842	2863	CONTROLS	
2877	2880	FLOWS_TO	
2880	2887	FLOWS_TO	
2887	2895	FLOWS_TO	
2887	2878	FLOWS_TO	
2895	2905	FLOWS_TO	
2895	2887	FLOWS_TO	
2905	2878	FLOWS_TO	
2880	2887	REACHES	headers
2877	2880	CONTROLS	
2877	2887	CONTROLS	
2887	2895	CONTROLS	
2895	2905	CONTROLS	
2895	2887	CONTROLS	
2914	2917	FLOWS_TO	
2917	2924	FLOWS_TO	
2924	2932	FLOWS_TO	
2924	2915	FLOWS_TO	
2932	2942	FLOWS_TO	
2932	2924	FLOWS_TO	
2942	2915	FLOWS_TO	
2917	2924	REACHES	headers
2914	2917	CONTROLS	
2914	2924	CONTROLS	
2924	2932	CONTROLS	
2932	2942	CONTROLS	
2932	2924	CONTROLS	
2951	2954	FLOWS_TO	
2954	2958	FLOWS_TO	
2958	2965	FLOWS_TO	
2965	2977	FLOWS_TO	
2965	2952	FLOWS_TO	
2977	2995	FLOWS_TO	
2977	2965	FLOWS_TO	
2995	3001	FLOWS_TO	
3001	2952	FLOWS_TO	
2958	2965	REACHES	headers
2958	2977	REACHES	headers
2995	3001	REACHES	headers
2954	2977	REACHES	header
2951	2954	CONTROLS	
2951	2958	CONTROLS	
2951	2965	CONTROLS	
2965	2977	CONTROLS	
2977	2995	CONTROLS	
2977	3001	CONTROLS	
2977	2965	CONTROLS	
3006	3009	FLOWS_TO	
3009	3016	FLOWS_TO	
3021	3038	FLOWS_TO	
3021	3085	FLOWS_TO	
3016	3021	FLOWS_TO	
3031	3021	FLOWS_TO	
3038	3051	FLOWS_TO	
3038	3031	FLOWS_TO	
3051	3068	FLOWS_TO	
3068	3031	FLOWS_TO	
3085	3007	FLOWS_TO	
3009	3021	REACHES	headers
3068	3021	REACHES	headers
3009	3038	REACHES	headers
3068	3038	REACHES	headers
3009	3051	REACHES	headers
3068	3051	REACHES	headers
3051	3068	REACHES	headers
3009	3085	REACHES	headers
3068	3085	REACHES	headers
3031	3021	REACHES	i
3016	3021	REACHES	i
3031	3031	REACHES	i
3016	3031	REACHES	i
3031	3038	REACHES	i
3016	3038	REACHES	i
3031	3051	REACHES	i
3016	3051	REACHES	i
3031	3068	REACHES	i
3016	3068	REACHES	i
3006	3009	CONTROLS	
3006	3016	CONTROLS	
3006	3021	CONTROLS	
3006	3085	CONTROLS	
3021	3038	CONTROLS	
3021	3031	CONTROLS	
3038	3051	CONTROLS	
3038	3068	CONTROLS	
3090	3093	FLOWS_TO	
3093	3100	FLOWS_TO	
3105	3122	FLOWS_TO	
3105	3141	FLOWS_TO	
3100	3105	FLOWS_TO	
3115	3105	FLOWS_TO	
3122	3134	FLOWS_TO	
3122	3115	FLOWS_TO	
3134	3091	FLOWS_TO	
3141	3091	FLOWS_TO	
3093	3105	REACHES	headers
3093	3122	REACHES	headers
3115	3105	REACHES	i
3100	3105	REACHES	i
3115	3115	REACHES	i
3100	3115	REACHES	i
3115	3122	REACHES	i
3100	3122	REACHES	i
3090	3093	CONTROLS	
3090	3100	CONTROLS	
3090	3105	CONTROLS	
3105	3122	CONTROLS	
3105	3141	CONTROLS	
3122	3134	CONTROLS	
3122	3115	CONTROLS	
3122	3105	CONTROLS	
3145	3148	FLOWS_TO	
3148	3156	FLOWS_TO	
3156	3167	FLOWS_TO	
3156	3302	FLOWS_TO	
3167	3171	FLOWS_TO	
3171	3188	FLOWS_TO	
3188	3195	FLOWS_TO	
3188	3283	FLOWS_TO	
3195	3200	FLOWS_TO	
3195	3232	FLOWS_TO	
3200	3220	FLOWS_TO	
3220	3232	FLOWS_TO	
3232	3236	FLOWS_TO	
3232	3252	FLOWS_TO	
3236	3252	FLOWS_TO	
3252	3256	FLOWS_TO	
3252	3272	FLOWS_TO	
3256	3272	FLOWS_TO	
3272	3276	FLOWS_TO	
3272	3283	FLOWS_TO	
3276	3283	FLOWS_TO	
3283	3146	FLOWS_TO	
3302	3146	FLOWS_TO	
3306	3146	FLOWS_TO	
3171	3188	REACHES	flg
3171	3195	REACHES	flg
3171	3232	REACHES	flg
3171	3252	REACHES	flg
3171	3272	REACHES	flg
3200	3220	REACHES	xlen
3148	3156	REACHES	gzData
3148	3171	REACHES	gzData
3148	3200	REACHES	gzData
3148	3236	REACHES	gzData
3148	3256	REACHES	gzData
3148	3283	REACHES	gzData
3167	3200	REACHES	i
3167	3220	REACHES	i
3256	3283	REACHES	i
3167	3283	REACHES	i
3167	3236	REACHES	i
3220	3236	REACHES	i
3167	3256	REACHES	i
3236	3256	REACHES	i
3220	3256	REACHES	i
3236	3283	REACHES	i
3220	3283	REACHES	i
3276	3283	REACHES	i
3167	3276	REACHES	i
3220	3276	REACHES	i
3236	3276	REACHES	i
3256	3276	REACHES	i
3145	3148	CONTROLS	
3145	3156	CONTROLS	
3156	3167	CONTROLS	
3156	3171	CONTROLS	
3156	3188	CONTROLS	
3156	3283	CONTROLS	
3156	3302	CONTROLS	
3188	3195	CONTROLS	
3188	3232	CONTROLS	
3188	3252	CONTROLS	
3188	3272	CONTROLS	
3195	3200	CONTROLS	
3195	3220	CONTROLS	
3232	3236	CONTROLS	
3252	3256	CONTROLS	
3272	3276	CONTROLS	
3312	3315	FLOWS_TO	
3315	3319	FLOWS_TO	
3319	3325	FLOWS_TO	
3325	3330	FLOWS_TO	
3330	3362	FLOWS_TO	
3362	3382	FLOWS_TO	
3382	3409	FLOWS_TO	
3409	3441	FLOWS_TO	
3441	3461	FLOWS_TO	
3461	3488	FLOWS_TO	
3488	3313	FLOWS_TO	
3325	3330	REACHES	r
3330	3362	REACHES	r
3362	3382	REACHES	r
3382	3409	REACHES	r
3409	3441	REACHES	r
3441	3461	REACHES	r
3461	3488	REACHES	r
3315	3325	REACHES	d
3319	3330	REACHES	u
3319	3382	REACHES	u
3319	3409	REACHES	u
3319	3461	REACHES	u
3312	3315	CONTROLS	
3312	3319	CONTROLS	
3312	3325	CONTROLS	
3312	3330	CONTROLS	
3312	3362	CONTROLS	
3312	3382	CONTROLS	
3312	3409	CONTROLS	
3312	3441	CONTROLS	
3312	3461	CONTROLS	
3312	3488	CONTROLS	
2388	2391	FLOWS_TO	
2391	2397	FLOWS_TO	
2397	2416	FLOWS_TO	
2416	2421	FLOWS_TO	
2421	2429	FLOWS_TO	
2421	2442	FLOWS_TO	
2429	2436	FLOWS_TO	
2429	2421	FLOWS_TO	
2436	2421	FLOWS_TO	
2442	2447	FLOWS_TO	
2442	2519	FLOWS_TO	
2447	2452	FLOWS_TO	
2452	2519	FLOWS_TO	
2519	3492	FLOWS_TO	
3492	3508	FLOWS_TO	
3508	3513	FLOWS_TO	
3508	3529	FLOWS_TO	
3513	3529	FLOWS_TO	
3529	3534	FLOWS_TO	
3529	3540	FLOWS_TO	
3534	3535	FLOWS_TO	
3535	3817	FLOWS_TO	
3540	3549	FLOWS_TO	
3549	3560	FLOWS_TO	
3560	3565	FLOWS_TO	
3565	3576	FLOWS_TO	
3576	3581	FLOWS_TO	
3576	3588	FLOWS_TO	
3581	3588	FLOWS_TO	
3588	3602	FLOWS_TO	
3602	3607	FLOWS_TO	
3607	3613	FLOWS_TO	
3613	3622	FLOWS_TO	
3622	3631	FLOWS_TO	
3631	3642	FLOWS_TO	
3642	3646	FLOWS_TO	
3642	3658	FLOWS_TO	
3646	3658	FLOWS_TO	
3658	3666	FLOWS_TO	
3658	3733	FLOWS_TO	
3666	3670	FLOWS_TO	
3670	3675	FLOWS_TO	
3675	3687	FLOWS_TO	
3675	3747	FLOWS_TO	
3687	3701	FLOWS_TO	
3687	3715	FLOWS_TO	
3701	3727	FLOWS_TO	
3715	3727	FLOWS_TO	
3727	3675	FLOWS_TO	
3733	3747	FLOWS_TO	
3747	3755	FLOWS_TO	
3747	3805	FLOWS_TO	
3755	3760	FLOWS_TO	
3760	3768	FLOWS_TO	
3760	3780	FLOWS_TO	
3768	3760	FLOWS_TO	
3780	3784	FLOWS_TO	
3780	3793	FLOWS_TO	
3784	3793	FLOWS_TO	
3793	3817	FLOWS_TO	
3805	3811	FLOWS_TO	
3811	3817	FLOWS_TO	
3817	2389	FLOWS_TO	
3755	3768	REACHES	data
3768	3768	REACHES	data
3755	3784	REACHES	data
3768	3784	REACHES	data
3755	3793	REACHES	data
3768	3793	REACHES	data
3784	3793	REACHES	data
2416	2442	REACHES	allowed
2436	2442	REACHES	allowed
3565	3576	REACHES	query
3565	3581	REACHES	query
3560	3565	REACHES	params
3622	3658	REACHES	ctype
3622	3747	REACHES	ctype
3540	3588	REACHES	url_c
3581	3588	REACHES	url_c
3540	3733	REACHES	url_c
3581	3733	REACHES	url_c
3540	3793	REACHES	url_c
3581	3793	REACHES	url_c
3631	3642	REACHES	cencoding
3631	3780	REACHES	cencoding
3588	3760	REACHES	fp
3588	3768	REACHES	fp
3588	3805	REACHES	fp
3588	3811	REACHES	fp
2397	2421	REACHES	allowedIPs
3613	3631	REACHES	headers
3602	3607	REACHES	headers
3602	3613	REACHES	headers
3613	3701	REACHES	headers
3646	3715	REACHES	headers
3613	3622	REACHES	headers
3613	3646	REACHES	headers
3613	3715	REACHES	headers
3613	3675	REACHES	headers
3646	3675	REACHES	headers
3613	3687	REACHES	headers
3646	3687	REACHES	headers
3646	3701	REACHES	headers
3670	3675	REACHES	i
3727	3675	REACHES	i
3727	3687	REACHES	i
3670	3687	REACHES	i
3727	3701	REACHES	i
3670	3727	REACHES	i
3670	3701	REACHES	i
3727	3715	REACHES	i
3670	3715	REACHES	i
3727	3727	REACHES	i
3492	3508	REACHES	url
3513	3529	REACHES	url
3492	3529	REACHES	url
3513	3540	REACHES	url
3492	3540	REACHES	url
2388	2391	CONTROLS	
2388	2397	CONTROLS	
2388	2416	CONTROLS	
2388	2421	CONTROLS	
2388	2442	CONTROLS	
2388	2519	CONTROLS	
2388	3492	CONTROLS	
2388	3508	CONTROLS	
2388	3529	CONTROLS	
2388	3817	CONTROLS	
2421	2429	CONTROLS	
2429	2436	CONTROLS	
2442	2447	CONTROLS	
2442	2452	CONTROLS	
3508	3513	CONTROLS	
3529	3534	CONTROLS	
3529	3535	CONTROLS	
3529	3540	CONTROLS	
3529	3549	CONTROLS	
3529	3560	CONTROLS	
3529	3565	CONTROLS	
3529	3576	CONTROLS	
3529	3588	CONTROLS	
3529	3602	CONTROLS	
3529	3607	CONTROLS	
3529	3613	CONTROLS	
3529	3622	CONTROLS	
3529	3631	CONTROLS	
3529	3642	CONTROLS	
3529	3658	CONTROLS	
3529	3747	CONTROLS	
3576	3581	CONTROLS	
3642	3646	CONTROLS	
3658	3666	CONTROLS	
3658	3670	CONTROLS	
3658	3675	CONTROLS	
3658	3733	CONTROLS	
3675	3687	CONTROLS	
3675	3727	CONTROLS	
3687	3701	CONTROLS	
3687	3715	CONTROLS	
3747	3755	CONTROLS	
3747	3760	CONTROLS	
3747	3780	CONTROLS	
3747	3793	CONTROLS	
3747	3805	CONTROLS	
3747	3811	CONTROLS	
3760	3768	CONTROLS	
3780	3784	CONTROLS	
4358	4361	FLOWS_TO	
4361	4369	FLOWS_TO	
4369	4373	FLOWS_TO	
4369	4359	FLOWS_TO	
4373	4359	FLOWS_TO	
4361	4373	REACHES	string
4358	4361	CONTROLS	
4358	4369	CONTROLS	
4369	4373	CONTROLS	
3820	3823	FLOWS_TO	
3823	3828	FLOWS_TO	
3828	3832	FLOWS_TO	
3832	3836	FLOWS_TO	
3836	3840	FLOWS_TO	
3840	3844	FLOWS_TO	
3844	3850	FLOWS_TO	
3850	3856	FLOWS_TO	
3856	3860	FLOWS_TO	
3860	3864	FLOWS_TO	
3864	3870	FLOWS_TO	
3870	3876	FLOWS_TO	
3870	3929	FLOWS_TO	
3876	3885	FLOWS_TO	
3885	3891	FLOWS_TO	
3885	3900	FLOWS_TO	
3891	3896	FLOWS_TO	
3896	3900	FLOWS_TO	
3900	3903	FLOWS_TO	
3900	3907	FLOWS_TO	
3903	3907	FLOWS_TO	
3907	3915	FLOWS_TO	
3907	3922	FLOWS_TO	
3915	3920	FLOWS_TO	
3920	3922	FLOWS_TO	
3922	3934	FLOWS_TO	
3929	3934	FLOWS_TO	
3934	3939	FLOWS_TO	
3939	3944	FLOWS_TO	
3944	3962	FLOWS_TO	
3962	3966	FLOWS_TO	
3962	3979	FLOWS_TO	
3966	3977	FLOWS_TO	
3977	3979	FLOWS_TO	
3979	4010	FLOWS_TO	
4010	4025	FLOWS_TO	
4025	4033	FLOWS_TO	
4025	4040	FLOWS_TO	
4033	4038	FLOWS_TO	
4038	4040	FLOWS_TO	
4040	4049	FLOWS_TO	
4049	4058	FLOWS_TO	
4058	4067	FLOWS_TO	
4067	4074	FLOWS_TO	
4074	4086	FLOWS_TO	
4086	4090	FLOWS_TO	
4086	4321	FLOWS_TO	
4090	4097	FLOWS_TO	
4090	4106	FLOWS_TO	
4097	4102	FLOWS_TO	
4102	4321	FLOWS_TO	
4106	4115	FLOWS_TO	
4106	4122	FLOWS_TO	
4115	4120	FLOWS_TO	
4120	4321	FLOWS_TO	
4122	4142	FLOWS_TO	
4142	4160	FLOWS_TO	
4160	4171	FLOWS_TO	
4160	4213	FLOWS_TO	
4171	4173	FLOWS_TO	
4171	4178	FLOWS_TO	
4173	4178	FLOWS_TO	
4178	4191	FLOWS_TO	
4191	4193	FLOWS_TO	
4191	4201	FLOWS_TO	
4193	4201	FLOWS_TO	
4201	4213	FLOWS_TO	
4213	4226	FLOWS_TO	
4213	4268	FLOWS_TO	
4226	4228	FLOWS_TO	
4226	4233	FLOWS_TO	
4228	4233	FLOWS_TO	
4233	4248	FLOWS_TO	
4248	4250	FLOWS_TO	
4248	4258	FLOWS_TO	
4250	4258	FLOWS_TO	
4258	4268	FLOWS_TO	
4268	4281	FLOWS_TO	
4268	4086	FLOWS_TO	
4281	4283	FLOWS_TO	
4281	4288	FLOWS_TO	
4283	4288	FLOWS_TO	
4288	4303	FLOWS_TO	
4303	4305	FLOWS_TO	
4303	4313	FLOWS_TO	
4305	4313	FLOWS_TO	
4313	4086	FLOWS_TO	
4321	4327	FLOWS_TO	
4327	4335	FLOWS_TO	
4335	4343	FLOWS_TO	
4343	4351	FLOWS_TO	
4351	4379	FLOWS_TO	
4379	4380	FLOWS_TO	
4380	3821	FLOWS_TO	
3840	4178	REACHES	chunk_size
3840	4233	REACHES	chunk_size
3840	4288	REACHES	chunk_size
3876	3885	REACHES	pid
3876	3900	REACHES	pid
3844	4142	REACHES	write_a
4010	4025	REACHES	process
4010	4351	REACHES	process
3864	4171	REACHES	debug
3864	4191	REACHES	debug
3864	4226	REACHES	debug
3864	4248	REACHES	debug
3864	4281	REACHES	debug
3864	4303	REACHES	debug
3832	3944	REACHES	ip
3832	4074	REACHES	ip
3944	4067	REACHES	sock
3944	3962	REACHES	sock
3944	4090	REACHES	sock
3944	4122	REACHES	sock
3944	4313	REACHES	sock
3944	4160	REACHES	sock
3944	4178	REACHES	sock
4178	4193	REACHES	input
3944	4258	REACHES	sock
3944	4321	REACHES	sock
4178	4201	REACHES	input
4233	4258	REACHES	input
4288	4305	REACHES	input
4288	4313	REACHES	input
4233	4250	REACHES	input
3850	4142	REACHES	error_a
3836	3944	REACHES	port
3856	4010	REACHES	shell
3836	4074	REACHES	port
4122	4142	REACHES	read_a
4122	4160	REACHES	read_a
4122	4213	REACHES	read_a
4122	4268	REACHES	read_a
3979	4010	REACHES	descriptorspec
3820	3823	CONTROLS	
3820	3828	CONTROLS	
3820	3832	CONTROLS	
3820	3836	CONTROLS	
3820	3840	CONTROLS	
3820	3844	CONTROLS	
3820	3850	CONTROLS	
3820	3856	CONTROLS	
3820	3860	CONTROLS	
3820	3864	CONTROLS	
3820	3870	CONTROLS	
3820	3934	CONTROLS	
3820	3939	CONTROLS	
3820	3944	CONTROLS	
3820	3962	CONTROLS	
3820	3979	CONTROLS	
3820	4010	CONTROLS	
3820	4025	CONTROLS	
3820	4040	CONTROLS	
3820	4049	CONTROLS	
3820	4058	CONTROLS	
3820	4067	CONTROLS	
3820	4074	CONTROLS	
3820	4086	CONTROLS	
3820	4321	CONTROLS	
3820	4327	CONTROLS	
3820	4335	CONTROLS	
3820	4343	CONTROLS	
3820	4351	CONTROLS	
3820	4379	CONTROLS	
3820	4380	CONTROLS	
3870	3876	CONTROLS	
3870	3885	CONTROLS	
3870	3900	CONTROLS	
3870	3907	CONTROLS	
3870	3922	CONTROLS	
3870	3929	CONTROLS	
3885	3891	CONTROLS	
3885	3896	CONTROLS	
3900	3903	CONTROLS	
3907	3915	CONTROLS	
3907	3920	CONTROLS	
3962	3966	CONTROLS	
3962	3977	CONTROLS	
4025	4033	CONTROLS	
4025	4038	CONTROLS	
4086	4090	CONTROLS	
4090	4097	CONTROLS	
4090	4102	CONTROLS	
4090	4106	CONTROLS	
4106	4115	CONTROLS	
4106	4120	CONTROLS	
4106	4122	CONTROLS	
4106	4142	CONTROLS	
4106	4160	CONTROLS	
4106	4213	CONTROLS	
4106	4268	CONTROLS	
4106	4086	CONTROLS	
4160	4171	CONTROLS	
4160	4178	CONTROLS	
4160	4191	CONTROLS	
4160	4201	CONTROLS	
4171	4173	CONTROLS	
4191	4193	CONTROLS	
4213	4226	CONTROLS	
4213	4233	CONTROLS	
4213	4248	CONTROLS	
4213	4258	CONTROLS	
4226	4228	CONTROLS	
4248	4250	CONTROLS	
4268	4281	CONTROLS	
4268	4288	CONTROLS	
4268	4303	CONTROLS	
4268	4313	CONTROLS	
4281	4283	CONTROLS	
4303	4305	CONTROLS	
4436	4439	FLOWS_TO	
4439	4443	FLOWS_TO	
4443	4447	FLOWS_TO	
4447	4451	FLOWS_TO	
4451	4455	FLOWS_TO	
4455	4463	FLOWS_TO	
4463	4470	FLOWS_TO	
4463	4482	FLOWS_TO	
4470	4437	FLOWS_TO	
4482	4437	FLOWS_TO	
4447	4482	REACHES	errfile
4443	4470	REACHES	errstr
4443	4482	REACHES	errstr
4451	4482	REACHES	errline
4436	4439	CONTROLS	
4436	4443	CONTROLS	
4436	4447	CONTROLS	
4436	4451	CONTROLS	
4436	4455	CONTROLS	
4436	4463	CONTROLS	
4463	4470	CONTROLS	
4463	4482	CONTROLS	
4384	4387	FLOWS_TO	
4387	4397	FLOWS_TO	
4397	4402	FLOWS_TO	
4402	4410	FLOWS_TO	
4402	4423	FLOWS_TO	
4410	4417	FLOWS_TO	
4410	4402	FLOWS_TO	
4417	4402	FLOWS_TO	
4423	4428	FLOWS_TO	
4423	4500	FLOWS_TO	
4428	4433	FLOWS_TO	
4433	4500	FLOWS_TO	
4500	4505	FLOWS_TO	
4505	4519	FLOWS_TO	
4519	4533	FLOWS_TO	
4533	4534	FLOWS_TO	
4534	4536	FLOWS_TO	
4536	4541	FLOWS_TO	
4541	4543	FLOWS_TO	
4543	4619	FLOWS_TO	
4619	4633	FLOWS_TO	
4619	4637	FLOWS_TO	
4633	4637	FLOWS_TO	
4637	4642	FLOWS_TO	
4642	4652	FLOWS_TO	
4642	4673	FLOWS_TO	
4652	4642	FLOWS_TO	
4673	4674	FLOWS_TO	
4674	4678	FLOWS_TO	
4678	4683	FLOWS_TO	
4678	4729	FLOWS_TO	
4683	4701	FLOWS_TO	
4701	4703	FLOWS_TO	
4703	4705	FLOWS_TO	
4705	4711	FLOWS_TO	
4711	4713	FLOWS_TO	
4713	4719	FLOWS_TO	
4719	4721	FLOWS_TO	
4721	4727	FLOWS_TO	
4727	4729	FLOWS_TO	
4729	4730	FLOWS_TO	
4730	4385	FLOWS_TO	
4543	4619	REACHES	types
4543	4642	REACHES	types
4543	4683	REACHES	types
4397	4423	REACHES	allowed
4417	4423	REACHES	allowed
4505	4678	REACHES	query
4505	4683	REACHES	query
4519	4619	REACHES	type
4519	4652	REACHES	type
4633	4652	REACHES	type
4519	4683	REACHES	type
4633	4683	REACHES	type
4683	4705	REACHES	result
4387	4402	REACHES	allowedIPs
4384	4387	CONTROLS	
4384	4397	CONTROLS	
4384	4402	CONTROLS	
4384	4423	CONTROLS	
4384	4500	CONTROLS	
4384	4505	CONTROLS	
4384	4519	CONTROLS	
4384	4533	CONTROLS	
4384	4534	CONTROLS	
4384	4536	CONTROLS	
4384	4541	CONTROLS	
4384	4543	CONTROLS	
4384	4619	CONTROLS	
4384	4637	CONTROLS	
4384	4642	CONTROLS	
4384	4673	CONTROLS	
4384	4674	CONTROLS	
4384	4678	CONTROLS	
4384	4729	CONTROLS	
4384	4730	CONTROLS	
4402	4410	CONTROLS	
4410	4417	CONTROLS	
4423	4428	CONTROLS	
4423	4433	CONTROLS	
4619	4633	CONTROLS	
4642	4652	CONTROLS	
4678	4683	CONTROLS	
4678	4701	CONTROLS	
4678	4703	CONTROLS	
4678	4705	CONTROLS	
4678	4711	CONTROLS	
4678	4713	CONTROLS	
4678	4719	CONTROLS	
4678	4721	CONTROLS	
4678	4727	CONTROLS	
522	599	CALLS	
591	599	CALLS	
1513	1468	CALLS	
1614	1422	CALLS	
1949	1422	CALLS	
3400	2694	CALLS	
3479	2694	CALLS	
3543	2524	CALLS	
3595	2582	CALLS	
3616	3005	CALLS	
3625	2876	CALLS	
3634	2913	CALLS	
3649	2950	CALLS	
3739	2841	CALLS	
3787	3144	CALLS	
3794	3311	CALLS	
3891	4357	CALLS	
3915	4357	CALLS	
3929	4357	CALLS	
3966	4357	CALLS	
4033	4357	CALLS	
4074	4357	CALLS	
4097	4357	CALLS	
4115	4357	CALLS	
4173	4357	CALLS	
4193	4357	CALLS	
4228	4357	CALLS	
4250	4357	CALLS	
4283	4357	CALLS	
4305	4357	CALLS	
